Workbook

Sheet Projects
A1: Project ID | B1: Project Name | C1: Project Status | D1: Institution | E1: Collaborator | F1: Lab Main Contact | G1: Objectives | H1: Meeting Notes Link | I1: MTA | J1: MTA Expiration Date | K1: Training Agreement (TA) | L1: TA Expiration Date | M1: IRB | N1: Consent | O1: Import Permit/CDC Statement | P1: Samples Received | Q1: Samples Returned | R1: Notes

Sheet Training Timeline
A1: Year | B1: Quarter | C1: Project ID | D1: Project Name (auto) | E1: Status | F1: Wet Lab Trainer | G1: Dry Lab Trainer | H1: Project Manager/ Coordinator | I1: Visas | J1: Study Intake Form | K1: Dry Lab Intake Form | L1: Sample Metadata | M1: Notes
D4: {=IFERROR(INDEX(Projects!$B:$B,MATCH(C4,Projects!$A:$A,0)),"")}
D5: {=IFERROR(INDEX(Projects!$B:$B,MATCH(C5,Projects!$A:$A,0)),"")}
D6: {=IFERROR(INDEX(Projects!$B:$B,MATCH(C6,Projects!$A:$A,0)),"")}
D7: {=IFERROR(INDEX(Projects!$B:$B,MATCH(C7,Projects!$A:$A,0)),"")}
D8: {=IFERROR(INDEX(Projects!$B:$B,MATCH(C8,Projects!$A:$A,0)),"")}
D9: {=IFERROR(INDEX(Projects!$B:$B,MATCH(C9,Projects!$A:$A,0)),"")}
D10: {=IFERROR(INDEX(Projects!$B:$B,MATCH(C10,Projects!$A:$A,0)),"")}
D11: {=IFERROR(INDEX(Projects!$B:$B,MATCH(C11,Projects!$A:$A,0)),"")}
D12: {=IFERROR(INDEX(Projects!$B:$B,MATCH(C12,Projects!$A:$A,0)),"")}
D13: {=IFERROR(INDEX(Projects!$B:$B,MATCH(C13,Projects!$A:$A,0)),"")}
D14: {=IFERROR(INDEX(Projects!$B:$B,MATCH(C14,Projects!$A:$A,0)),"")}
D15: {=IFERROR(INDEX(Projects!$B:$B,MATCH(C15,Projects!$A:$A,0)),"")}
... D100: {=IFERROR(INDEX(Projects!$B:$B,MATCH(C100,Projects!$A:$A,0)),"")}

Sheet Data Dictionary
A1: Data Dictionary — Projects & Training Timeline
A2: Definitions and example values for every field in these two tabs. Examples below are illustrative only.
A3: Projects tab
A4: Field | B4: Description | C4: Format / Type | D4: Allowed Values
A5: Project ID | B5: Unique identifier for the project. Used to link records across the Training Timeline and Evaluation Tracking tabs. | C5: Text (format: PRJ-XXX) | D5: —
A6: Project Name | B6: Descriptive name of the project or training. | C6: Text | D6: —
A7: Project Status | B7: Current stage of the project. | C7: Dropdown | D7: Planning, In Progress, On Hold, Complete, Cancelled
A8: Institution | B8: Partner organization collaborating on the project. | C8: Text | D8: —
A9: Collaborator | B9: Principal Investigator responsible for the project. | C9: Text | D9: —
A10: Lab Main Contact | B10: Primary day-to-day contact for lab coordination. | C10: Text | D10: —
A11: Objectives | B11: Brief description of what the project aims to achieve. | C11: Text | D11: —
A12: Meeting Notes Link | B12: URL to shared meeting notes for this project. | C12: Hyperlink / Text | D12: —
A13: MTA | B13: Status of the Material Transfer Agreement. | C13: Dropdown | D13: Signed, Pending, Required, Not Required, N/A
A14: MTA Expiration Date | B14: Date the Material Transfer Agreement expires. | C14: Date | D14: —
A15: Training Agreement (TA) | B15: Status of the Training Agreement. | C15: Dropdown | D15: Signed, Pending, Required, Not Required, N/A
... A22: Notes | B22: Free-text field for additional context. | C22: Text | D22: —
A23: Training Timeline tab
A25: Field | B25: Description | C25: Format / Type | D25: Allowed Values
A27: Year | B27: Calendar year the training event takes place. | C27: Number (whole) | D27: 2020–2035
A28: Quarter | B28: Quarter of the year the event is scheduled. | C28: Dropdown | D28: Q1, Q2, Q3, Q4, TBD
A29: Project ID | B29: Links this training event to its record in the Projects tab. Dropdown pulls live from Projects. | C29: Dropdown (linked) | D29: Any Project ID from Projects tab
A30: Project Name (auto) | B30: Automatically filled from the Projects tab based on Project ID. Do not edit directly. | C30: Formula (auto-filled) | D30: —
A31: Location | B31: City and/or venue where the training takes place. | C31: Text | D31: —
A32: Type | B32: Category of training event. | C32: Dropdown | D32: Site Visit, Training/ Workshop, Research
A33: Status | B33: Current progress status of the training event. | C33: Dropdown | D33: On track, At risk, Off track, Complete, TBD
A34: Wet Lab Trainer | B34: Name of the lead wet lab trainer for this event. | C34: Text | D34: —
A35: Dry Lab Trainer | B35: Name of the lead data-analysis/dry lab trainer. | C35: Text | D35: —
A36: Organizer | B36: Person coordinating logistics for this training event. | C36: Text | D36: —
A37: Trainees | B37: Number of trainees participating in this event. | C37: Number | D37: —
... A42: Notes | B42: Free-text field for additional context on this training event. | C42: Text | D42: —
